,numeric,text,with_missing,label
0,-10.856306,,4.43324,b
1,9.973454,foo,4.310229,b
2,2.829785,foo bar,2.469828,a
3,-15.062947,,2.852981,b
4,-5.786003,foo bar,1.826475,a
5,16.514365,,2.764315,b
6,-24.266792,foo bar,3.024317,b
7,-4.289126,foo,2.59604,b
8,12.659363,,2.496415,a
9,-8.667404,bar,4.03208,a
10,-6.788862,foo bar,3.907483,b
11,-0.94709,bar,3.399122,a
12,14.913896,,1.722489,a
13,-6.38902,bar foo,3.200931,a
14,-4.43982,,,b
15,-4.343513,bar foo,4.315727,b
16,22.059301,foo,1.197709,a
17,21.867861,foo,2.441176,a
18,10.040539,bar,2.41335,a
19,3.861864,foo bar,2.533426,a
20,7.373686,bar,3.957579,a
21,14.90732,bar,0.647642,a
22,-9.358339,,,b
23,11.75829,bar foo,,a
24,-12.538807,,3.980118,b
25,-6.377515,bar,2.450922,a
26,9.071052,foo,2.320222,b
27,-14.286807,,3.346214,b
28,-1.400687,,3.151037,b
29,-8.617549,foo bar,3.069403,a
30,-2.556194,bar foo,-0.801378,b
31,-27.985891,foo bar,1.872828,b
32,-17.715331,foo bar,2.136777,b
33,-6.998772,,3.64301,b
34,9.274624,foo bar,1.55924,a
35,-1.736357,,1.953372,b
36,0.028459,bar,2.845616,a
37,6.882227,foo bar,1.712405,a
38,-8.795363,foo,,b
39,2.836273,foo bar,2.608596,a
40,-8.053665,,4.832906,b
41,-17.276695,,2.370281,b
42,-3.908998,,2.423717,b
43,5.738059,,3.804438,b
44,3.385891,bar,2.344663,a
45,-0.118305,bar,4.511568,a
46,23.923653,bar,,a
47,4.129122,bar,2.69612,a
48,9.78736,,2.839202,b
49,22.381433,foo,5.850708,a
50,-12.940853,foo,3.488654,b
51,-10.387882,bar,3.150477,a
52,17.437122,foo bar,2.867423,a
53,-7.980627,foo,,b
54,0.296832,foo bar,1.481674,a
55,10.69316,foo bar,2.818812,a
56,8.907064,foo bar,0.166343,a
57,17.548862,foo,,b
58,14.956441,bar foo,3.847927,a
59,10.693927,foo,,b
60,-7.727087,bar foo,3.60597,a
61,7.948627,bar foo,,a
62,3.14272,,1.284099,b
63,-13.262655,foo bar,2.321626,b
64,14.17299,foo bar,4.474405,a
65,8.072365,bar,2.47614,a
66,0.454901,,2.864018,b
67,-2.330921,bar foo,2.194438,b
68,-11.983011,bar foo,2.066249,b
69,1.995241,foo bar,2.529731,a
70,4.684391,foo,2.338944,b
71,-8.31155,foo bar,3.957502,b
72,11.62204,bar foo,3.21537,a
73,-10.97203,foo bar,4.018884,b
74,-21.231004,foo,1.612762,b
75,10.397271,foo bar,4.225453,a
76,-4.03366,bar foo,3.021456,b
77,-1.260296,bar,4.839348,a
78,-8.375167,bar foo,2.947224,b
79,-16.059628,foo bar,1.506598,b
80,12.552374,bar,,a
81,-6.88869,bar foo,2.863512,b
82,16.609525,foo,0.847885,b
83,8.073082,foo,,b
84,-3.147581,bar foo,3.231228,a
85,-10.859024,foo,4.076113,b
86,-7.32462,bar,-0.587494,a
87,-12.125231,,4.148869,b
88,20.871134,bar foo,2.525403,a
89,1.644412,foo bar,4.926248,a
90,11.502055,bar foo,1.281719,a
91,-12.67352,bar foo,3.545339,b
92,1.810351,foo,3.411719,b
93,11.778619,foo,,b
94,-3.350108,foo bar,2.226194,b
95,10.311145,bar,2.626255,a
96,-10.845679,bar,2.65328,b
97,-13.634715,bar foo,1.746562,b
98,3.794006,foo,3.992992,b
99,-3.791764,bar,1.9078,a
100,6.420547,,4.023191,a
101,-19.778879,foo,1.211065,b
102,7.122646,bar,2.82281,a
103,25.983039,foo,2.837693,a
104,-0.24626,bar,2.984206,a
105,0.341421,foo,3.956296,b
106,1.795495,bar foo,2.797653,a
107,-18.619757,bar,,b
108,4.261466,bar,2.800672,a
109,-16.054097,foo,3.981007,b
110,-4.276796,bar foo,,a
111,12.428695,bar foo,1.979332,a
112,-7.35217,foo bar,1.043302,a
113,5.01249,foo bar,5.027249,a
114,10.127391,,1.840255,b
115,2.787409,foo bar,1.114568,a
116,-13.709485,bar,2.191101,a
117,-3.324753,foo,2.387545,b
118,19.594113,,4.465456,a
119,-20.250458,foo bar,2.535101,b
120,-2.75786,foo bar,,a
121,-5.521081,,1.20922,b
122,1.207474,foo bar,3.207983,a
123,7.482156,foo bar,1.351204,a
124,16.08691,foo bar,2.686405,a
125,-2.702324,,2.240129,b
126,8.123413,bar,3.058271,a
127,4.997401,,3.634409,b
128,4.743473,,,b
129,-5.639239,foo bar,1.863582,a
130,-9.973215,bar,3.193589,a
131,-11.000431,foo,,b
132,-7.564372,bar foo,4.417375,b
133,3.216866,foo,2.528108,b
134,7.609494,foo bar,,a
135,3.234688,foo,3.186626,b
136,-5.489551,bar,2.205356,a
137,18.059701,bar,2.07558,a
138,15.188656,foo bar,4.408177,a
139,-3.540001,bar,3.618717,a
140,-8.234314,foo bar,2.271922,b
141,1.30215,foo bar,2.981288,a
142,12.672986,,2.914323,a
143,3.32765,foo,,b
144,5.565487,,2.59406,a
145,-2.120801,foo bar,,a
146,4.562709,bar foo,2.02365,a
147,15.445445,bar foo,2.468003,a
148,-2.396688,foo bar,,a
149,1.433077,bar foo,1.917706,a
150,2.538165,foo,3.186285,b
151,2.837254,,2.618729,b
152,-14.118889,foo,2.240525,b
153,-18.768687,bar,1.729724,b
154,-10.196551,,,b
155,1.679423,,3.424243,b
156,5.538562,foo,3.800221,b
157,-5.306746,,3.549288,b
158,13.772575,foo bar,3.624134,a
159,-1.43176,foo,3.382079,b
160,0.20316,bar foo,1.24159,a
161,-1.939639,foo,,b
162,1.340268,bar foo,1.567618,a
163,7.044741,foo,4.369212,b
164,6.656534,foo bar,2.985986,a
165,-8.984229,bar,4.269756,a
166,15.236638,foo bar,1.969678,a
167,-10.950265,foo bar,2.908131,b
168,0.79227,bar,3.263374,a
169,-2.743966,bar foo,2.669098,a
170,-10.489917,foo bar,3.187789,b
171,-0.751206,bar,,a
172,-7.408138,bar,1.968087,a
173,0.729072,foo,0.362078,b
174,4.03086,,4.600624,b
175,14.719294,foo,,b
176,3.073842,,4.1225,b
177,-6.112253,foo bar,3.651913,b
178,-3.916198,foo,2.783313,b
179,1.399781,foo bar,3.380345,a
180,0.934608,bar,1.859466,a
181,14.595893,foo,3.085897,a
182,13.953529,bar foo,,a
183,-3.589359,bar,2.225667,a
184,-5.486421,bar foo,2.619709,b
185,-25.570546,bar foo,3.312594,b
186,-5.489204,,,b
187,-9.780577,bar foo,2.996845,b
188,-3.548245,foo,2.56934,b
189,3.915842,foo bar,2.853584,a
190,1.771923,bar foo,4.160176,a
191,-0.29968,,,b
192,1.995821,bar foo,2.699768,a
193,-1.261178,foo bar,2.367739,a
194,1.970189,foo,2.795683,b
195,-32.31055,bar foo,3.213696,b
196,-2.692935,bar,4.033878,a
197,-1.108507,foo bar,0.875425,a
198,-3.412617,bar foo,3.555489,a
199,-2.179463,foo bar,2.10841,a
200,7.033101,foo bar,3.59307,a
201,-5.981053,foo bar,4.239635,a
202,22.007021,foo bar,3.995595,a
203,6.882969,,3.157959,b
204,-0.063073,,,b
205,-2.066623,,2.056616,b
206,-0.865223,foo bar,2.93217,a
207,-9.153071,foo,4.519471,b
208,-0.952025,bar,2.210744,a
209,2.786835,,3.197269,b
210,5.795416,foo bar,,a
211,5.796898,,,b
212,-2.748775,bar,3.406071,a
213,-14.160823,,2.730481,b
214,-6.691026,foo bar,2.996591,a
215,16.12193,,2.495417,a
216,8.960583,foo,1.174972,b
217,3.696196,foo bar,3.193094,a
218,-7.612942,foo,3.43947,b
219,0.036452,bar foo,,a
220,-12.556687,bar foo,2.868135,b
221,-5.519369,bar foo,1.605291,b
222,-2.452033,bar,2.245992,a
223,-3.616399,,,b
224,9.566019,,2.91547,a
225,-14.187259,foo bar,3.279291,b
226,-8.654323,foo,2.64692,b
227,-13.74688,foo,4.869809,b
228,-12.373532,foo bar,4.727988,a
229,1.240559,bar foo,2.068404,a
230,-16.004405,foo,3.909031,b
231,7.538688,,3.304062,b
232,-2.468158,bar,3.01356,a
233,0.687883,foo,2.140312,b
234,3.225767,,4.621531,b
235,-4.341665,bar foo,4.165258,a
236,10.324797,bar,1.5429,a
237,-1.943427,bar foo,4.383491,a
238,5.940703,,2.961622,b
239,-1.991124,bar foo,2.402209,b
240,2.908744,foo bar,2.023422,a
241,2.796627,,3.94482,b
242,2.499699,bar foo,3.399896,a
243,-9.743078,foo bar,2.125854,b
244,4.358758,foo bar,2.188902,a
245,-3.18957,bar foo,2.612477,a
246,6.30488,bar foo,2.487494,a
247,-21.524934,foo bar,3.52778,b
248,-14.651162,,3.378737,b
249,3.634456,,2.36435,b
250,18.629276,bar foo,,a
251,8.350587,bar,1.666001,a
252,-6.824509,foo,3.870056,b
253,-16.920524,bar foo,2.00519,b
254,7.426862,foo bar,3.111135,a
255,-0.805832,bar,1.236842,a
256,5.907042,bar,3.39706,a
257,1.152987,foo,4.919526,b
258,0.296429,foo,1.671933,b
259,29.586254,bar,3.549697,a
260,-0.0613,,3.272462,b
261,-1.592452,foo bar,,a
262,-1.214487,bar foo,2.86876,a
263,-5.835367,bar,3.272825,a
264,9.901329,foo,3.181974,b
265,-3.537543,foo,3.572843,b
266,6.359427,foo,2.160887,b
267,2.84603,bar,3.192449,a
268,12.189859,foo,,b
269,4.201796,,4.167991,b
270,-12.133848,,3.495729,b
271,-13.264878,foo bar,1.868043,b
272,14.083691,foo bar,1.446422,a
273,-6.087108,,3.408626,b
274,-13.206026,bar,,b
275,-6.696186,foo bar,,b
276,12.646253,foo bar,2.712216,a
277,-14.20213,bar,4.011616,a
278,-8.664952,foo bar,5.125817,a
279,-6.668075,bar foo,,a
280,-12.511899,bar foo,2.884,b
281,-11.843273,,4.013493,b
282,-15.18108,bar foo,4.063905,b
283,-4.611874,bar foo,4.701608,a
284,-3.549088,bar,3.19657,a
285,-6.825382,foo bar,2.367133,b
286,-16.536978,,3.007714,b
287,12.533359,foo,,b
288,-13.290788,foo,3.23981,b
289,2.780337,bar,2.13176,a
290,-10.747666,,3.902006,b
291,6.683169,bar foo,3.69749,a
292,9.558324,bar foo,3.139033,a
293,-8.776136,foo,3.025577,b
294,-19.237157,bar foo,2.803557,b
295,6.957873,,4.312255,b
296,18.758005,bar foo,4.187417,a
297,4.156945,foo,3.145717,b
298,1.605444,bar foo,2.14335,a
299,8.197606,,1.823152,b
300,7.650548,,3.287621,b
301,-8.289888,bar foo,,a
302,-6.591513,foo bar,,a
303,6.111236,bar,2.613304,a
304,-1.440133,,3.773754,b
305,13.166056,,3.207415,a
306,-7.043421,foo,3.998053,b
307,7.506099,foo bar,0.766095,a
308,3.42638,foo,2.77295,b
309,-1.264376,foo,5.216788,b
310,11.759108,foo,0.496839,b
311,6.800715,foo bar,,a
312,-10.049672,foo,,b
313,6.402187,bar foo,4.285701,a
314,13.749906,,,a
315,-1.304447,bar,4.190354,a
316,-2.486559,bar,4.216906,a
317,-6.696471,foo bar,3.19678,b
318,-0.136039,foo bar,1.835988,b
319,6.862007,bar,3.913005,a
320,-8.176683,bar foo,2.026563,b
321,-13.463576,,,b
322,-3.757499,bar foo,3.946908,a
323,-13.79725,bar,4.092068,a
324,5.232184,bar,2.652041,a
325,-4.266898,,3.626983,b
326,-17.554018,,1.457463,b
327,-3.486075,foo bar,2.527619,b
328,-1.92615,foo bar,,a
329,4.491356,bar foo,4.343388,a
330,-1.453635,bar,3.669214,a
331,18.687265,bar foo,2.858166,a
332,-5.187039,foo bar,3.84726,a
333,-0.623985,foo,2.976772,b
334,-1.029106,,3.168229,b
335,-2.826284,bar,3.088383,a
336,1.424256,bar,,a
337,5.412313,foo,3.725925,b
338,13.400987,bar,1.930053,a
339,-15.692561,bar,3.775845,b
340,-5.103429,foo,2.039398,b
341,-4.477714,foo bar,2.277924,b
342,9.378503,,0.159153,b
343,-3.566631,foo bar,2.843917,b
344,-18.951756,foo,3.189189,b
345,0.877305,bar foo,3.827073,a
346,-0.336892,,4.310876,b
347,1.797516,bar foo,1.509787,a
348,-10.401629,bar,3.984827,a
349,17.190347,,2.535966,a
350,-3.238598,bar foo,2.92794,a
351,-1.882969,bar foo,2.894732,a
352,-9.000086,bar foo,2.550485,b
353,-9.31002,bar,,a
354,-12.22737,,,b
355,-3.933109,foo bar,3.811145,b
356,-9.575818,bar,,a
357,20.564673,,2.980541,a
358,-18.884924,bar foo,2.370988,b
359,-11.283305,foo,4.095922,b
360,-4.014144,foo,,b
361,6.734913,bar,4.508705,a
362,-4.137569,foo bar,1.451235,b
363,6.759634,foo bar,4.034197,a
364,-9.868039,,3.162665,b
365,0.592911,foo,2.274827,b
366,17.440411,bar foo,,a
367,-9.677444,foo bar,4.566033,a
368,4.195677,foo bar,4.604614,a
369,2.069275,foo,,b
370,-22.51535,bar foo,2.008395,b
371,-5.889705,,,b
372,11.311519,,3.342423,a
373,1.350777,,4.242017,b
374,-12.12269,,,b
375,6.907773,foo,3.015572,b
376,-4.791229,,2.346491,b
377,3.600507,foo,,b
378,3.769201,foo bar,2.78459,a
379,-11.186956,foo,3.185979,b
380,7.89828,bar,2.53045,a
381,-10.075088,bar,3.04724,a
382,-13.057859,foo bar,1.919587,b
383,-8.82829,bar foo,3.160889,b
384,-3.4609,bar,,a
385,1.094032,foo,,b
386,-7.725837,foo bar,,b
387,7.448193,bar foo,3.845701,a
388,2.514642,bar,1.880077,a
389,-6.947982,bar foo,,b
390,8.889929,,1.390305,b
391,11.610684,,3.01357,a
392,-0.986847,,1.225776,b
393,-2.14983,bar,1.798623,a
394,-17.737714,bar foo,,b
395,-4.075126,bar,,a
396,-2.915067,bar foo,1.479633,a
397,2.453794,foo,2.55256,b
398,-1.684264,foo,,b
399,2.440269,bar,3.392493,a
400,15.340903,bar foo,1.372833,a
401,-5.299141,foo,3.26001,b
402,-4.909723,bar foo,2.392147,a
403,-13.091653,foo,4.198668,b
404,-0.086605,bar foo,2.79982,a
405,9.76813,bar,3.359287,a
406,-17.510703,bar,2.890879,b
407,-6.65857,foo bar,3.666444,a
408,0.359405,foo,2.231931,b
409,8.501029,,3.668253,a
410,3.828702,foo bar,4.208963,a
411,3.254636,,4.835561,b
412,-2.243128,foo,,b
413,4.818743,bar,2.463878,a
414,10.143039,,3.57715,a
415,-17.089918,bar,3.807497,a
416,7.285354,foo bar,3.590045,a
417,-0.987598,foo bar,3.753478,a
418,-5.299889,bar,3.423944,a
419,-24.430758,bar foo,2.454745,b
420,-13.803513,foo,,b
421,16.98059,bar foo,3.846787,a
422,-6.885485,foo bar,3.461605,b
423,-10.847688,foo,1.903646,b
424,-4.56426,bar foo,2.122382,b
425,-7.451472,,2.590758,b
426,1.243586,bar foo,2.795186,a
427,15.169737,bar,3.157273,a
428,-5.86616,,,b
429,1.542901,bar,3.794956,a
430,-11.472371,,1.142436,b
431,15.201664,foo bar,3.528702,a
432,1.890434,foo,,b
433,-10.818191,,3.644099,b
434,9.043062,foo bar,-0.066988,a
435,11.999876,foo bar,1.650725,a
436,1.614564,foo,2.647304,b
437,-16.39397,foo,3.168282,b
438,17.851688,,2.918609,a
439,3.101225,foo bar,,a
440,11.704543,foo bar,4.283044,a
441,-5.508932,foo,,b
442,-3.986239,bar,2.605245,a
443,1.104531,foo,,b
444,11.134017,bar,3.068213,a
445,1.4299,bar,4.2587,a
446,-12.568338,bar foo,,b
447,2.619892,bar,,a
448,16.295342,foo,3.066282,b
449,0.658063,,3.120616,b
450,1.293855,foo bar,2.766813,a
451,-12.625437,foo,2.027145,b
452,-14.029891,,4.529014,b
453,-6.376921,bar,,a
454,-3.265176,bar foo,,a
455,1.040607,foo,3.497556,b
456,1.65957,foo bar,2.768708,a
457,16.019077,bar,2.054163,a
458,0.586874,bar foo,2.670004,a
459,10.644227,bar foo,,a
460,-0.393293,bar,5.097841,a
461,14.489036,foo,2.982968,b
462,-18.703975,bar,3.786057,a
463,-5.987318,bar,3.961969,a
464,9.830334,foo,4.080915,b
465,-1.71596,,5.54787,b
466,9.315296,bar,2.904588,a
467,3.850661,foo,2.818138,b
468,9.45877,bar,,a
469,6.130677,bar,,a
470,6.736489,foo bar,3.178877,a
471,14.924554,foo bar,2.731149,a
472,9.86474,bar,,a
473,9.938067,foo bar,,a
474,0.204188,bar,3.269473,a
475,-5.818502,foo,2.001122,b
476,-6.595601,bar,1.185967,a
477,7.509446,bar,3.11524,a
478,-24.384606,foo,4.16263,b
479,-13.071782,,3.661811,b
480,-9.632537,bar,2.982112,a
481,-2.476214,bar,,a
482,-26.31438,bar foo,1.352884,b
483,12.587213,foo,2.31036,b
484,6.001752,,4.678069,b
485,19.845824,bar,4.184119,a
486,10.622145,bar,2.288427,a
487,10.303793,foo,4.754312,b
488,22.50676,,2.282109,a
489,-5.709581,,,b
490,-15.034584,bar foo,4.535918,b
491,-2.323574,foo,4.30774,b
492,-8.249921,bar,2.41144,a
493,-2.568454,foo bar,2.950911,a
494,-10.50219,foo,2.6583,b
495,5.678801,bar foo,3.504139,a
496,5.129828,,,b
497,-0.269226,bar foo,3.532155,a
498,3.115815,bar,2.886096,a
499,-1.420507,bar,1.6537,a
500,7.520337,,3.777963,b
501,0.696407,,1.777053,b
502,-2.654456,bar,2.812867,a
503,9.295845,foo bar,3.958236,a
504,12.608213,,3.811225,a
505,13.374538,foo,3.838713,b
506,-9.902747,bar foo,3.698921,b
507,-5.344472,bar foo,3.145859,a
508,-17.014961,foo,3.302155,b
509,-2.38565,,3.09207,b
510,4.161238,foo bar,3.482577,a
511,-1.328012,foo bar,3.535236,a
512,19.308509,foo,3.133328,b
513,-4.058434,bar,3.513814,a
514,-10.885086,,2.315179,b
515,5.685042,,2.693043,b
516,1.499338,bar,3.230499,a
517,5.496426,bar,4.923513,a
518,3.037879,bar,3.528991,a
519,2.437658,bar foo,2.865264,b
520,-21.222989,foo,2.779776,b
521,-7.26114,foo bar,3.744166,a
522,-5.903249,bar foo,,a
523,-3.479643,foo bar,3.637381,a
524,-4.483916,,,b
525,4.128188,,,b
526,6.008825,,3.472785,b
527,-11.316409,bar foo,3.465624,b
528,6.868044,,,b
529,5.857681,foo bar,2.162917,a
530,4.657701,foo bar,4.09411,a
531,-14.178945,bar,,a
532,4.405823,,4.988274,b
533,0.825954,foo bar,4.752433,a
534,9.608801,,2.39194,a
535,17.843568,foo,,a
536,15.880679,bar foo,3.697242,a
537,1.126442,foo,2.180031,b
538,-0.018747,bar,4.147508,a
539,6.319483,foo,3.529862,b
540,-11.1504,,,b
541,-14.506831,foo bar,3.782064,b
542,-4.725306,bar foo,3.137251,a
543,12.205689,bar,3.412112,a
544,-3.311283,bar,4.524047,a
545,15.025809,bar foo,2.870078,a
546,-27.881129,foo bar,,b
547,-15.872064,bar,2.401611,b
548,-1.236887,foo bar,2.426195,a
549,8.881945,bar,2.781852,a
550,-0.696231,foo bar,2.379619,b
551,-0.956527,,3.567861,b
552,-1.217415,bar,1.676564,a
553,-17.628977,foo,3.829547,b
554,11.580689,bar,2.238471,a
555,-6.827647,foo bar,3.377705,a
556,10.895327,bar foo,1.812567,a
557,-0.705234,bar foo,3.477732,a
558,10.681604,foo bar,4.084007,a
559,3.43258,,3.009771,b
560,-1.066745,foo,4.548682,b
561,2.262616,bar,2.860093,a
562,-14.729776,bar,,b
563,0.060293,foo bar,2.074533,a
564,17.160403,bar,3.438431,a
565,13.081936,foo bar,2.431861,a
566,-9.850236,foo bar,2.279609,b
567,5.056859,foo bar,4.580104,a
568,2.479799,bar foo,1.729779,a
569,8.171883,bar,,a
570,0.941529,bar foo,3.71279,a
571,-2.33504,foo bar,3.234071,b
572,13.306308,foo bar,,a
573,2.163966,foo bar,3.603909,a
574,12.554643,bar,1.621001,a
575,9.743862,bar foo,2.556748,a
576,-3.244872,bar,,a
577,-1.670003,foo,0.079971,b
578,19.298324,foo,2.894099,a
579,1.914823,foo,3.665877,b
580,-7.586284,foo,2.829916,b
581,-12.000433,foo bar,3.18493,b
582,9.741324,bar foo,5.261787,a
583,1.602937,,,b
584,-7.92092,,3.059386,b
585,6.745848,foo,5.587009,b
586,1.597487,bar foo,2.363629,b
587,-16.604751,bar,3.519677,b
588,5.886856,bar,1.423376,a
589,13.331907,foo,3.398328,a
590,25.598502,foo,,a
591,0.349026,bar,3.060793,a
592,2.326497,,,b
593,16.065968,,3.280004,a
594,1.687223,foo bar,1.927373,a
595,2.753419,,2.616655,b
596,-6.306184,bar,3.006061,a
597,-13.943751,foo,1.570824,b
598,9.126879,bar,3.802569,a
599,-12.735702,bar,4.882882,a
600,11.406562,foo bar,3.303544,a
601,-7.881656,,2.472287,b
602,2.65234,,0.698076,b
603,-3.722717,bar,1.479092,a
604,11.746002,foo bar,3.339229,a
605,3.008464,bar,,a
606,19.590954,bar foo,2.779916,a
607,-10.836777,bar foo,,b
608,4.138631,,2.128975,b
609,0.473419,bar,2.427771,a
610,2.799436,,,b
611,15.959212,bar foo,2.689434,a
612,5.85318,bar foo,3.892387,a
613,-11.475254,bar,1.318218,a
614,5.335108,foo bar,2.44036,a
615,-4.156194,,,b
616,-4.73355,bar,2.180851,b
617,10.458573,bar foo,2.851956,a
618,-6.0234,,4.021206,b
619,-3.797303,foo,3.455709,b
620,0.324073,,,b
621,9.461859,foo bar,,a
622,5.815898,bar,,a
623,-2.344149,bar,2.98713,a
624,-2.721765,foo bar,2.800505,a
625,-11.601297,,3.313372,b
626,-7.598351,,3.181113,b
627,-6.543811,bar foo,3.866433,b
628,-1.492909,,3.116592,b
629,19.86763,foo,4.689931,a
630,-6.754694,foo bar,3.519226,a
631,-2.958291,bar foo,4.47831,a
632,-20.523984,bar,3.72025,b
633,6.005711,foo bar,2.327214,a
634,-15.774488,bar,4.242918,a
635,-9.065895,foo bar,4.184177,a
636,10.423354,bar,,a
637,-21.049284,bar,,b
638,0.959204,bar foo,4.442759,a
639,8.009296,,4.054388,b
640,15.254442,,1.539582,a
641,-9.200931,foo bar,3.858762,b
642,-6.240249,bar foo,4.727235,a
643,18.044363,,3.606698,a
644,-0.250601,bar,,a
645,-7.362639,foo bar,2.216185,b
646,-7.174858,,3.400504,b
647,-9.725563,foo,2.784465,b
648,-4.396722,,4.277663,b
649,10.882205,bar,3.731249,a
650,8.877661,bar foo,4.963178,a
651,-11.742703,foo bar,,b
652,2.145861,bar,3.552537,a
653,-4.021597,bar,2.685666,a
654,7.824404,foo,4.404462,b
655,-1.563597,bar,3.005498,a
656,3.715247,foo,1.9741,b
657,-1.586052,bar,3.048171,a
658,-21.870859,,2.908144,b
659,0.470024,foo bar,,a
660,-12.717469,bar foo,3.827838,b
661,7.471284,foo,2.859572,b
662,-6.798279,bar foo,,b
663,-6.050127,foo bar,2.219091,b
664,-0.089028,foo,,b
665,5.77794,bar,3.774326,a
666,-1.697438,foo,2.753172,b
667,16.421828,bar foo,,a
668,16.488179,foo bar,5.184314,a
669,17.154686,bar,3.316195,a
670,-2.343187,,3.733307,b
671,-14.819585,bar,3.746238,a
672,12.200785,bar,,a
673,-4.163453,,3.527625,b
674,0.381663,bar,2.026988,a
675,6.283201,bar,4.448209,a
676,-16.044364,bar foo,4.24695,b
677,16.291212,,3.190215,a
678,8.749623,foo,,b
679,3.522716,bar,1.760377,a
680,8.909168,bar,4.029311,a
681,5.569525,bar foo,2.744963,a
682,1.168281,bar,,a
683,-3.077743,bar foo,1.559326,b
684,-7.391423,bar foo,3.631455,b
685,2.872143,bar,2.824749,a
686,3.612031,bar,3.011908,a
687,10.831988,bar,1.582188,a
688,2.0066,,3.679064,b
689,-8.532015,foo bar,,b
690,-15.762328,foo bar,2.952989,b
691,-1.275622,bar foo,3.804181,a
692,-0.274584,,2.914331,b
693,-0.980916,,4.986243,b
694,-15.305129,foo,2.101197,b
695,10.744651,foo,3.240486,b
696,10.726297,foo bar,3.413323,a
697,-8.232852,,1.981027,b
698,8.059821,bar,3.087409,a
699,9.528309,bar foo,2.805118,a
700,0.384471,foo,3.225814,b
701,-9.484986,bar,3.453648,a
702,16.133815,bar foo,,a
703,3.809214,,3.288174,b
704,-2.510375,foo,3.547069,b
705,7.728454,foo,4.499316,b
706,16.222085,foo bar,1.415736,a
707,-4.971601,foo,2.738803,b
708,6.914225,,3.038172,b
709,19.431602,foo bar,1.44444,a
710,-11.165648,bar foo,,b
711,-5.492536,foo,0.644194,b
712,-5.978551,foo bar,3.705538,b
713,-1.583271,,,b
714,-2.099737,,1.748815,b
715,3.007954,bar,,a
716,-8.203755,foo bar,1.332427,b
717,-6.226635,bar foo,5.05378,a
718,3.012905,,3.116603,b
719,1.549119,,2.902907,b
720,8.740798,bar,4.203193,a
721,4.09355,foo bar,2.920291,a
722,7.718466,bar foo,3.240631,a
723,-11.42952,foo,2.8441,b
724,-3.834163,bar,2.498183,a
725,18.4838,,3.371188,a
726,3.92078,foo,3.525028,b
727,7.47393,foo bar,,a
728,2.727347,bar,2.118827,a
729,4.253359,bar foo,2.340585,a
730,-2.309041,,2.970412,b
731,35.715792,,,a
732,-3.961559,bar foo,5.156086,a
733,-0.383212,,3.27504,b
734,-24.248363,foo,2.825656,b
735,11.062667,foo bar,,a
736,-5.522529,,3.985283,b
737,-0.607941,bar,,a
738,-5.280406,foo,3.341755,b
739,-1.386829,bar,2.999321,a
740,-2.842471,foo bar,,a
741,-0.430418,foo bar,3.4787,a
742,-0.528015,,,b
743,-1.542053,,3.003833,b
744,-1.678772,,3.093429,b
745,13.085185,foo,,a
746,8.814169,bar,,a
747,8.874423,bar foo,2.965927,a
748,-7.324489,foo,,b
749,12.568208,bar foo,,a
750,11.316445,bar foo,0.909881,a
751,-5.534043,bar foo,1.614965,b
752,15.23852,,3.075198,a
753,-6.832259,bar foo,2.27924,b
754,-18.420318,bar,3.133925,b
755,11.01526,,2.981538,b
756,-1.195188,bar,2.530846,a
757,9.769216,foo bar,2.085002,a
758,-7.542022,bar,3.195487,a
759,-12.6177,bar foo,,b
760,12.318718,foo bar,2.876111,a
761,-14.072686,bar foo,3.872414,b
762,-15.610305,foo,3.201334,b
763,-19.255869,bar foo,2.403968,b
764,-27.944723,foo bar,2.641406,b
765,-10.391044,bar foo,2.938069,b
766,-21.69408,foo bar,3.123191,b
767,-0.356055,foo,4.336415,b
768,-22.364174,bar foo,4.688077,b
769,-10.942734,foo bar,2.531055,b
770,23.32062,foo bar,1.980593,a
771,3.451242,foo bar,,a
772,0.528057,foo bar,3.420126,a
773,-16.20752,bar foo,3.832786,b
774,-2.455977,,2.591885,b
775,0.481086,bar,2.085823,a
776,-16.051808,foo bar,3.382361,b
777,1.261807,,3.623593,b
778,11.912325,bar foo,4.034644,a
779,-3.482581,foo,2.362283,b
780,-1.972364,foo bar,3.328862,a
781,-20.420964,,,b
782,-13.992339,,2.894303,b
783,10.576951,foo,3.718515,b
784,-6.615506,,,b
785,-9.297116,,3.302163,b
786,-6.925831,bar,2.75825,a
787,-0.574661,bar foo,1.594039,a
788,-11.584159,foo,3.228371,b
789,1.265165,foo bar,3.631759,a
790,-13.600077,bar,4.013666,a
791,7.74,foo bar,,a
792,-10.570558,bar,2.044529,b
793,13.202683,,,a
794,-0.100327,foo,,b
795,-8.456444,bar,2.737601,a
796,9.114606,,2.197554,b
797,-13.744969,bar,,a
798,-5.470656,bar foo,,a
799,-0.000755,foo,2.476518,b
800,-1.211668,bar foo,3.706333,a
801,-20.085855,foo bar,3.43073,b
802,-9.206465,bar foo,2.665675,b
803,1.682343,,2.980175,b
804,-13.198916,foo bar,1.460934,b
805,12.664293,foo bar,,a
806,4.951809,foo bar,1.606193,a
807,-5.142404,foo,2.722668,b
808,-2.202925,foo bar,2.538656,a
809,18.615641,bar foo,3.466579,a
810,9.359885,foo bar,2.555858,a
811,3.802191,foo,2.953042,b
812,-14.155188,bar,,b
813,16.296113,foo,1.430568,b
814,10.524011,foo,3.113102,b
815,-1.484054,bar foo,3.864209,a
816,-5.496981,bar,2.37225,a
817,-1.879039,,3.020922,b
818,-12.019367,foo bar,1.638671,b
819,-4.707856,foo bar,1.391221,b
820,7.631605,bar foo,3.722109,a
821,-18.076213,,2.672856,b
822,-3.140744,bar,1.687315,a
823,1.13756,foo,2.526621,b
824,1.03568,foo bar,3.604434,a
825,-11.78937,bar,3.551232,a
826,-11.821529,bar foo,4.047734,b
827,10.891654,foo,2.496003,b
828,-12.245291,bar foo,2.372563,b
829,10.08651,foo,3.330881,b
830,-4.823653,foo,4.000096,b
831,10.797964,foo bar,2.625441,a
832,-4.210785,bar foo,,b
833,-11.664713,bar,2.66653,a
834,8.565549,bar,5.037452,a
835,-0.173912,foo bar,,a
836,14.485766,,4.534835,a
837,8.922001,foo,,b
838,-2.294266,foo,4.223173,b
839,-4.496676,bar,,a
840,0.233723,bar,2.546657,a
841,1.9021,,2.09123,b
842,-8.817485,bar foo,2.071878,b
843,8.419396,,3.681756,a
844,-3.973635,bar foo,3.460309,b
845,-4.230277,bar foo,,a
846,-5.406883,foo bar,2.973416,b
847,2.310173,foo bar,2.128719,a
848,-6.920526,bar foo,2.867433,b
849,1.349701,bar foo,,a
850,27.666031,bar foo,2.092408,a
851,-0.536095,,,b
852,-4.340047,foo bar,2.538553,a
853,-16.676892,,1.472431,b
854,0.502219,foo bar,,a
855,-11.092309,foo,,b
856,-3.755581,foo,2.535172,b
857,1.516076,bar,,a
858,-17.309894,foo bar,2.212789,b
859,1.574628,foo bar,3.942553,a
860,3.045152,bar foo,2.551498,a
861,-12.971,bar,2.906411,a
862,-3.923092,foo,4.884547,b
863,-18.306664,foo,4.135791,b
864,15.755009,,3.086185,a
865,3.305633,foo,2.346009,b
866,-1.795885,,3.026886,b
867,-1.634358,,4.64961,b
868,11.314436,,5.172051,a
869,-0.941656,foo,,b
870,3.308168,foo bar,4.444245,a
871,15.186296,bar foo,1.422172,a
872,-3.461671,bar foo,3.588206,b
873,-10.926353,,3.374366,b
874,-8.245006,foo bar,4.041097,b
875,14.286638,bar,2.167591,a
876,0.914283,foo,3.146017,b
877,-5.023313,foo,1.13824,b
878,9.736444,bar foo,2.369935,a
879,9.979574,,2.982996,a
880,-4.756478,foo bar,,b
881,-9.719368,foo bar,5.791971,a
882,-15.705286,foo,2.490605,b
883,-17.938889,foo bar,,b
884,-2.649865,foo bar,1.847998,a
885,-8.931959,foo,,b
886,18.584744,foo bar,3.898355,a
887,0.585378,foo bar,3.905453,a
888,-19.421495,bar foo,1.624559,b
889,14.187293,foo,1.310209,b
890,1.617103,,2.364118,b
891,7.049795,,,b
892,6.820348,bar foo,1.511859,a
893,2.965566,foo,3.681797,b
894,5.233426,bar foo,3.131427,a
895,2.387607,,2.698183,b
896,-11.063859,foo,2.395398,b
897,3.667322,foo,3.244982,b
898,10.239055,bar foo,2.689205,a
899,-2.100564,foo,2.60068,b
900,5.513022,foo,2.79246,b
901,4.195891,foo bar,4.111622,a
902,18.156521,,3.212841,a
903,-2.527503,bar,,a
904,-2.920042,bar foo,4.382579,a
905,-1.169317,foo bar,2.731852,a
906,-1.023911,foo,4.432838,b
907,-22.726177,bar,,b
908,-6.426098,foo,3.531149,b
909,2.998851,bar,2.676897,a
910,-0.082565,bar foo,2.931504,a
911,-7.993392,bar foo,,b
912,-6.647793,foo,2.704613,b
913,-3.556131,,2.299409,b
914,-8.015718,foo,3.402852,b
915,-5.130506,bar,2.175232,a
916,-5.393901,foo bar,3.536558,a
917,8.953708,,5.347066,a
918,10.163913,bar,1.444959,a
919,9.335851,,0.627879,b
920,4.267018,,,b
921,-7.083225,bar foo,3.743297,b
922,9.598304,,2.28884,a
923,-3.142506,bar foo,3.577481,a
924,0.230522,foo bar,,a
925,13.382205,,2.748922,b
926,0.839929,foo bar,3.884768,a
927,2.47284,foo,0.730498,b
928,-14.127795,,3.834533,b
929,4.870093,,3.799303,b
930,-9.800066,bar,,a
931,10.119397,foo,4.003537,b
932,-1.845992,,4.440963,b
933,-22.361688,foo,4.932821,b
934,-3.580201,foo,4.941249,b
935,-2.280345,bar foo,3.055526,a
936,4.854752,,2.858783,b
937,6.705124,bar,2.921899,a
938,-3.277642,foo bar,0.32551,b
939,10.128682,,3.698157,b
940,-31.670553,bar foo,5.349356,b
941,-7.13989,foo,3.565834,b
942,-11.123643,,1.578521,b
943,-12.541835,bar,,a
944,9.597064,foo bar,2.061574,a
945,8.291704,bar foo,4.657052,a
946,-7.7577,,3.502394,b
947,11.78057,,3.638129,a
948,1.014669,,3.35353,b
949,-4.216841,,1.888521,b
950,-6.929228,foo,2.056089,b
951,-7.782717,,3.680738,b
952,4.727749,foo,3.086212,b
953,6.501549,bar foo,,a
954,2.385012,bar foo,3.786027,a
955,-20.502177,,,b
956,2.963587,foo,3.006392,b
957,5.653966,foo,2.684035,b
958,-6.692056,foo,4.365792,b
959,0.432505,bar foo,2.804268,a
960,-18.638843,bar foo,2.386178,b
961,-12.299691,foo bar,1.461496,b
962,-3.242353,bar foo,2.508801,a
963,-3.097511,bar,4.867001,a
964,3.516794,,4.163805,b
965,-11.869254,,3.119365,b
966,-3.412061,bar foo,2.994126,a
967,-4.897798,foo,,b
968,5.280105,,3.102301,b
969,14.210428,bar foo,,a
970,17.209203,foo bar,3.144292,a
971,-15.6844,bar,3.17551,b
972,-0.480142,bar,3.012904,a
973,-11.125293,foo bar,3.25745,b
974,-0.64745,bar foo,2.307099,a
975,4.229193,,3.155072,b
976,0.814909,bar foo,1.396721,a
977,-0.490117,bar foo,,a
978,14.830392,bar,,a
979,7.209894,foo bar,3.602538,a
980,-2.726545,bar,,a
981,0.242114,foo,3.440198,b
982,8.708978,bar,,a
983,6.097905,bar foo,5.420233,a
984,-4.250761,foo bar,2.706856,a
985,-17.752428,foo bar,2.356269,b
986,-11.846575,,,b
987,1.459792,foo,3.198426,b
988,-17.865269,foo,,b
989,-1.523945,foo,3.812554,b
990,-4.535692,bar foo,,a
991,9.992528,,3.726935,b
992,-13.180438,foo,,b
993,-19.31769,,4.227372,b
994,-4.196407,bar,2.721187,a
995,6.347631,foo,3.140256,b
996,10.699186,bar,,a
997,-9.09327,,4.132525,b
998,4.702637,foo bar,,a
999,-11.114304,foo bar,1.963396,b
